bin,count,mean_confidence,accuracy,absolute_gap
0,0,,,
1,0,,,
2,0,,,
3,0,,,
4,1,0.290578693151474,0.0,0.290578693151474
5,2,0.3728351294994354,0.0,0.3728351294994354
6,0,,,
7,1,0.4754602015018463,0.0,0.4754602015018463
8,0,,,
9,1,0.617216944694519,0.0,0.617216944694519
10,2,0.7083464860916138,0.5,0.20834648609161377
11,0,,,
12,1,0.8040464520454407,1.0,0.19595354795455933
13,1,0.9066112041473389,1.0,0.09338879585266113
14,5641,0.9998561143875122,1.0,0.00014388561248779297
