bin,count,mean_confidence,accuracy,absolute_gap
0,0,,,
1,0,,,
2,0,,,
3,3,0.2216789275407791,0.0,0.2216789275407791
4,0,,,
5,3,0.36241939663887024,0.3333333333333333,0.029086063305536924
6,2,0.4400723874568939,0.5,0.05992761254310608
7,0,,,
8,0,,,
9,0,,,
10,2,0.7116860151290894,1.0,0.28831398487091064
11,1,0.7842507362365723,1.0,0.21574926376342773
12,3,0.8368679881095886,1.0,0.16313201189041138
13,31,0.9127806425094604,1.0,0.08721935749053955
14,5605,0.9949418902397156,1.0,0.005058109760284424
