version,top_1_accuracy,top_2_accuracy,top_3_accuracy,macro_f1,multiclass_brier_score,ece_15_bins
uncalibrated,0.9989380530973452,0.9992920353982301,0.9994690265486725,0.9989396107327376,0.0013182285753470504,0.005877598009805763
temperature_calibrated,0.9989380530973452,0.9992920353982301,0.9994690265486725,0.9989396107327376,0.0011185043966166202,0.0006454194963505837
